"ev";"korus";"bevetel";"kiadas";"koncert";"koncert_belfold";"koncert_belfold_kultstat";"koncert_kulfold";"koncert_kulfold_kultstat";"latogato";"latogato_belfold";"latogato_belfold_kultstat";"latogato_kulfold";"latogato_kulfold_kultstat";"koncert_oratorium_kultstat";"latogato_oratorium_kultstat";"koncert_zenekari_kultstat";"latogato_zenekari_kultstat";"koncert_enekkari_kultstat";"latogato_enekkari_kultstat";"koncert_kamarazene_kultstat";"latogato_kamarazene_kultstat";"koncert_hangszerszolo_kultstat";"latogato_hangszerszolo_kultstat";"koncert_vegyes_kultstat";"latogato_vegyes_kultstat";"koncert_ifjusagi_kultstat";"latogato_ifjusagi_kultstat";"kozpenz";"sajat_bevetel";"belfoldi_bevetel";"kulfoldi_bevetel";"szemelyi_jellegu";"szemelyi_jellegu_berjarulek_nelkul";"berkotseg";"szem_egyeb";"berjarulek";"letszam";"letszam_kultstat";"letszam_muvesz_kultstat";"letszam_menedzsment_kultstat";"anyagjellegu"
2000;"NÉ";455844;434788;;;;;;;;;;;;;;;;;;;;;;;;;;;;;;;;;;;;;;
2001;"NÉ";715220;736107;;;;;;;;;;;;;;;;;;;;;;;;;;;;;;;;;;;;;;
2002;"NÉ";673829;731177;;;;;;;;;;;;;;;;;;;;;;;;;567785;;;;;;;;;;;;;
2003;"NÉ";827960;838215;;;;;;;;;;;;;;;;;;;;;;;;;712153;;;;;;;;;;;;;
2004;"NÉ";785293;816301;;;;;;;;;;;;;;;;;;;;;;;;;694559;;;;;;;;;;;;;
2005;"NÉ";746629;821048;;;;;;;;;;;;;;;;;;;;;;;;;679551;;;;;;;;;;;;;
2006;"NÉ";734248;740290;;;;;;;;;;;;;;;;;;;;;;;;;624110;;;;;;;;;;;;;
2007;"NÉ";759228;706938;;;;;;;;;;;;;;;;;;;;;;;;;659770;;;;;;;;;;;;;
2008;"NÉ";828438;696199;;;;;;;;;;;;;;;;;;;;;;;;;646182;68440;;;595804;485708;446887;38821;110096;90;;;;78752
2009;"NÉ";833507;740215;;;;;;;;;;;;;;;0;0;;;;;;;;;654954;92218;;;652392;532713;479690;53023;119679;93;;;;67138
2010;"NÉ";690675;686893;;;;;;;;;;;;;;;;;;;;;;;;;594003;53924;;;603746;494051;457488;36564;109695;95;;;;69589
2011;"NÉ";886778;822566;;;;;;;;;;;;;;;1;1524;;;;;;;;;682386;133670;;;703871;577982;535277;42705;125889;95;;;;102098
2012;"NÉ";797103;804293;;;;;;;;;;;;;;;0;0;;;;;;;;;727495;52514;;;720758;586462;533139;53323;134295;99;;;;70077
2013;"NÉ";890305;872507;;;;;;;;;;;;;;;0;0;;;;;;;;;812042;68150;;;774207;632157;600193;31964;142050;98;;;;86426
2014;"NÉ";822906;847902;;;;;;;;;;;;;;;0;0;;;;;;;;;734797;78437;;;739808;603992;562299;41694;135816;98;;;;80239
2015;"NÉ";855942;852976;;;;;;;;;;;;;;;0;0;;;;;;;;;800062;52588;;;766828;625409;584689;40721;141419;95;;;;77694
2016;"NÉ";933234;932980;;;;;;;;;;;;;;;1;230;;;;;;;;;803738;124533;;;807124;660254;616717;43538;146870;95;;;;84484
2017;"NÉ";930299;926342;;;;;;;;;;;;;;;0;0;;;;;;;;;847839;69746;;;811054;673221;628157;45063;137833;95;;;;100700
2018;"NÉ";1006268;992472;;;;;;;;;;;;;;;2;507;;;;;;;;;901163;98623;;;838948;701584;653309;48275;137364;94;;;;138471
2019;"NÉ";1020331;1011895;;;;;;;;;;;;;;;3;828;;;;;;;;;933280;68432;;;829442;698590;642202;56388;130852;96;;;;142652
2020;"NÉ";1220754;1057087;;;;;;;;;;;;;;;12;2470;;;;;;;;;1001265;18386;;;899851;815236;702561;112675;84615;96;;;;95541
2021;"NÉ";1105052;1104105;;;;;;;;;;;;;;;2;1298;;;;;;;;;1015307;47402;;;948059;855595;757171;98423;92465;94;;;;132788
2022;"NÉ";1354758;1351975;;;;;;;;;;;;;;;5;1725;;;;;;;;;1260267;88879;;;1149137;1039899;964934;74965;109238;93;;;;148572
2023;"NÉ";1667490;1660691;;;;;;;;;;;;;;;11;2145;;;;;;;;;1557592;97317;;;1460203;1369899;1206317;163582;90304;93;;;;169165
2024;"NÉ";1526108;1522036;;;;;;;;;;;;;;;10;7787;;;;;;;;;1412921;110945;;;1240941;1160414;1073665;86749;80527;92;;;;231100
2025;"NÉ";1703536;1693862;;;;;;;;;;;;;;;13;11866;;;;;;;;;1614056;86251;;;1464962;1363508;1133147;230362;101454;92;;;;174565
2009;"KKD";;;;;;;;;;;;;;;;;22;6862;;;;;;;;;;;;;;;;;;;;;;
2011;"KKD";;;;;;;;;;;;;;;;;9;1590;;;;;;;;;;;;;;;;;;;;;;
2012;"KKD";;;;;;;;;;;;;;;;;5;349;;;;;;;;;;;;;;;;;;;;;;
2013;"KKD";;;;;;;;;;;;;;;;;4;80;;;;;;;;;;;;;;;;;;;;;;
2014;"KKD";;;;;35;;;;;17982;;;15;5344;0;0;17;2658;0;0;0;0;3;9980;15;4257;;;;;;;;;;;52;49;3;
2015;"KKD";;;;;47;;;;;15904;;;17;7183;0;0;24;4842;0;0;0;0;6;3879;22;6276;;;;;;;;;;;52;49;3;
2016;"KKD";;;;;44;;;;;22390;;;4;1479;0;0;24;4033;0;0;0;0;16;16878;18;3720;;;;;;;;;;;53;49;4;
2017;"KKD";;;;;42;;;;;22972;;;9;5435;0;0;14;1805;0;0;0;0;19;15732;7;1054;;;;;;;;;;;52;49;3;
2018;"KKD";;;;;42;;6;;;17111;;1512;19;10243;;;18;3243;;;;;5;3625;9;1694;;;;;;;;;;;55;49;6;
2019;"KKD";;;;;39;;6;;;31723;;39180;10;9697;;;15;3510;;;;;14;18516;5;953;;;;;;;;;;;55;49;6;
2020;"KKD";;;;;32;;;;;36249;;;1;426;;;19;27334;;;;;12;8489;2;4426;;;;;;;;;;;55;49;6;
2021;"KKD";;;;;42;;;;;10625;;;9;4804;;;24;2842;;;;;9;2979;14;1925;;;;;;;;;;;54;48;6;
2022;"KKD";416537;416170;;;28;;1;;;15795;;238;20;13103;;;7;1824;;;;;1;868;1;315;390480;26052;;;318468;284192;261600;22592;34276;53;54;49;5;95903
2023;"KKD";578893;572065;;;43;;2;;;21330;;621;27;16395;;;7;299;;;;;9;4636;8;5426;542966;35849;;;410029;379508;359166;20342;30521;54;54;49;5;157951
2024;"KKD";582774;581072;;;30;;2;;;13999;;394;12;7992;;;18;6007;;;;;;;4;1834;549290;32643;;;425746;394143;376327;17816;31603;54;57;49;8;147695
2025;"KKD";618154;614755;;;38;;4;;;25073;;650;22;21016;;;16;4057;;;;;;;5;1330;571937;45754;;;469711;545441;525358;20083;33360;54;57;49;8;134253
2020;"MRÉ";413039;406125;;;;;;;;;;;;;;;;;;;;;;;;;389335;23614;;;321204;286673;262864;23808;34532;54;;;;52445
2021;"MRÉ";552629;548368;;;;;;;;;;;;;;;;;;;;;;;;;518008;34502;;;452570;406183;357292;48891;46387;52;;;;61726
2022;"MRÉ";721315;720354;;;;;;;;;;;;;;;;;;;;;;;;;667102;54163;;;557278;502937;456481;46456;54341;53;;;;84524
2023;"MRÉ";768300;767444;;;;;;;;;;;;;;;;;;;;;;;;;703452;61951;;;598879;557475;491943;65533;41403;57;;;;119066
2024;"MRÉ";819514;819511;;;;;;;;;;;;;;;;;;;;;;;;;755697;63889;;;663297;617979;556464;61515;45319;59;;;;123251
2025;"MRÉ";861263;848775;;;;;;;;;;;;;;;11;3644;;;;;;;;;775509;83202;;;716771;667360;608994;58366;49411;62;;;;103014
