"ev";"zenekar";"bevetel";"kiadas";"koncert";"koncert_belfold";"koncert_belfold_kultstat";"koncert_kulfold";"koncert_kulfold_kultstat";"latogato";"latogato_belfold";"latogato_belfold_kultstat";"latogato_kulfold";"latogato_kulfold_kultstat";"koncert_oratorium_kultstat";"latogato_oratorium_kultstat";"koncert_zenekari_kultstat";"latogato_zenekari_kultstat";"koncert_enekkari_kultstat";"latogato_enekkari_kultstat";"koncert_kamarazene_kultstat";"latogato_kamarazene_kultstat";"koncert_hangszerszolo_kultstat";"latogato_hangszerszolo_kultstat";"koncert_vegyes_kultstat";"latogato_vegyes_kultstat";"koncert_ifjusagi_kultstat";"latogato_ifjusagi_kultstat";"kozpenz";"sajat_bevetel";"belfoldi_bevetel";"kulfoldi_bevetel";"szemelyi_jellegu";"szemelyi_jellegu_berjarulek_nelkul";"berkotseg";"szem_egyeb";"berjarulek";"letszam";"letszam_kultstat";"letszam_muvesz_kultstat";"letszam_menedzsment_kultstat";"anyagjellegu"
2009;"BDZ";274608;271288;;;39;;;;;19750;;;15;8927;18;9913;0;0;5;250;0;0;1;660;15;4816;213300;59004;;;191637;;;;;;100;94;7;75152
2010;"BDZ";301811;289085;;;;;;;;;;;;;;;;;;;;;;;;;219519;80178;;;187467;149884;148963;921;37773;;;;;95038
2011;"BDZ";354365;340987;;;87;;;;;46684;;;6;7014;47;13359;1;231;6;485;0;0;27;25595;43;8722;227265;123088;;;184774;150671;149747;924;36005;;47;46;1;80178
2012;"BDZ";502278;487473;;;93;;;;53243;45936;;;9;4788;59;16941;0;0;5;390;0;0;20;23817;48;8049;320810;180706;;;191059;160085;159638;447;30974;;84;78;6;288051
2013;"BDZ";670197;654314;;;85;;;;55645;56247;;;13;6805;57;24903;0;0;4;600;1;506;10;23433;38;16427;324483;345076;;;219942;171461;171009;452;48481;;86;80;6;419705
2014;"BDZ";824215;807497;;;;;;;68510;;;;;;;;;;;;;;;;;;454486;369647;;;265402;211712;211413;299;53690;;;;;531592
2015;"BDZ";946611;928605;;;89;;;;68510;79932;;;16;17844;48;20134;0;0;8;7050;0;0;17;34904;29;19398;571461;374023;;;288261;229960;229335;625;58585;;94;83;11;626105
2016;"BDZ";987152;969391;;;100;;;;68510;89263;;;13;11245;56;25885;0;0;5;1054;0;0;26;51079;29;21947;488205;498426;;;283279;225760;225076;684;57519;96;90;80;10;643888
2017;"BDZ";1073560;1056191;;;97;;;;68510;121123;;;17;17000;54;45546;1;569;14;4773;0;0;11;53235;18;21970;509938;563461;;;343994;281911;280944;967;62083;84;92;82;10;681343
2018;"BDZ";1201481;1182584;;;88;;3;;68510;97596;;16014;9;8355;57;23873;;;4;1051;;;18;64317;20;18758;811586;626718;;;372953;310109;309006;1103;62844;90;93;82;11;782056
2019;"BDZ";810261;799079;;;106;;;;70000;116805;;;9;6963;66;26884;;;3;564;;;28;82394;28;22934;701444;208817;;;501903;417290;416577;713;84613;89;93;82;11;267472
2020;"BDZ";785737;766859;;;41;;;;70000;19403;;;2;818;23;13345;;;11;2336;;;5;2904;4;2320;865846;133061;;;541058;477813;476331;1482;63245;89;93;81;12;201406
2021;"BDZ";1155565;1061444;;;44;;;;70000;24405;;;3;1129;31;8848;;;4;593;;;6;13835;5;2920;1060676;165243;;;766565;658593;658112;481;107972;94;101;86;15;250763
2022;"BDZ";1452486;1380516;;;59;;1;;70000;38772;;384;8;4855;33;18959;;;8;510;;;10;14448;14;5912;1224910;227465;;;981934;881142;875036;6106;100792;102;96;80;17;329859
2023;"BDZ";2023191;1618487;;;77;;1;;70000;55110;;923;7;6255;50;24643;;;9;1336;;;11;22876;12;6375;1629456;389442;;;1080851;1003182;1000402;2780;77669;103;109;95;15;474931
2024;"BDZ";1551917;1844955;;;55;;2;;70000;45285;;1382;4;3533;40;17553;;;1;160;;;10;24039;12;12689;1037149;504574;;;1244378;1158611;1095676;62935;85767;111;109;91;18;521433
2025;"BDZ";1437100;1682892;;;43;;;;70000;39989;;;1;780;25;18976;;;5;1606;1;783;11;17844;7;5399;1052776;377109;;;1212600;1125621;1093654;31967;86979;112;106;92;14;394754
2008;"BFZ";1772040;1785744;;;;;;;;;;;;;;;;;;;;;;;;;910672;753762;207856;545906;56378;50814;36170;14644;5564;;;;;1680081
2009;"BFZ";1915649;1671177;;;83;;;;;77281;;;0;0;52;66781;0;0;11;5902;0;0;20;4598;20;4598;959123;711717;223687;488030;47005;38155;30833;7322;8849;9;11;1;10;1579135
2010;"BFZ";2172757;1896711;;;;;;;;;;;;;;;;;;;;;;;;;1259590;811876;256065;555811;162193;141636;127288;14348;20557;12;;;;1705076
2011;"BFZ";2419899;2367128;;;55;;;;;56650;;;0;0;39;50667;0;0;6;2280;1;423;9;3280;8;2880;1288251;989244;207371;781873;258351;221909;200235;21674;36442;13;12;0;12;2008866
2012;"BFZ";2265356;2276763;;;63;;;;;58792;;;0;0;46;53121;0;0;14;4805;0;0;3;866;15;5318;1430009;749848;214182;535666;404708;353068;325772;27296;51640;16;16;0;16;1799432
2013;"BFZ";3034613;2729188;;;78;;;;;63454;;;0;0;59;57161;0;0;19;6293;0;0;0;0;13;4417;1919614;957395;259355;697295;545750;482517;448234;34283;52995;19;19;0;19;2101713
2014;"BFZ";3043209;2798785;;;126;;;;;68602;;;0;0;61;56438;0;0;65;12164;0;0;0;0;24;8535;1853065;1059529;237231;822298;606494;546322;161912;384410;60172;20;17;0;17;2167265
2015;"BFZ";2744203;2964323;;;166;;;;;70108;;;0;0;62;47058;0;0;104;23050;0;0;0;0;49;9908;1500725;1088674;255176;851668;665799;605603;175045;430558;60196;20;21;0;21;2301378
2016;"BFZ";2919296;3061953;;;148;;;;;69966;;;0;0;66;58157;0;0;82;11809;0;0;0;0;42;5617;1691736;1085287;220167;865119;598560;539397;179321;360076;59163;21;20;0;20;2437518
2017;"BFZ";3089646;3145674;;;212;;;;;88137;;;0;0;68;73915;0;0;144;14222;0;0;0;0;84;10265;1657255,5;1158917;281573;877344;590885;538731;194738;343993;52154;23;22;0;22;2507868
2018;"BFZ";2974935;2931109;;;214;;31;;;71702;;40083;;;71;28365;;;143;43337;;;;;66;18306;1874274;862824;280959;581865;599644;544464;221796;322668;55180;23;25;1;24;2288268
2019;"BFZ";3052297;3229859;;;155;;43;;;75668;;76648;;;68;64871;;;87;10797;;;;;49;9166;1442809;1311040;332234;978806;691554;646899;371549;275350;44655;23;23;1;22;2492453
2020;"BFZ";2602966;2001555;;;443;;11;;;36471;;8622;;;37;26112;;;406;10359;;;;;18;2414;1824574;445024;216866;227785;437936;423978;246453;177525;13958;20;95;78;17;1499425
2021;"BFZ";3564707;3017378;;;110;;29;;;31402;;16521;;;27;23542;;;83;7860;;;;;9;3355;2446519;696284;219705;476569;1857350;1655564;1294972;360592;201786;87;87;65;22;1094461
2022;"BFZ";3906440;3675100;;;173;;44;;;71926;;35161;;;48;54910;;;123;14694;;;2;2322;59;9938;2245987;1255050;358993;896057;2112112;1950342;1531666;418676;16177;89;87;64;22;1417684
2023;"BFZ";4447742;4101460;;;169;;52;;;77152;;56387;;;45;57621;;;121;15433;;;3;4098;56;9197;2351110;1582970;393905;1189065;2429774;2334099;1733205;600894;95675;90;90;66;24;1575200
2024;"BFZ";4560621;4445488;;;184;;42;;;90977;;45811;;;62;72432;;;119;14955;;;3;3590;56;9946;2369403;1492251;583967;908284;2639306;2537879;1821705;716174;101427;90;89;65;25;1776002
2025;"BFZ";5231930;5293542;;171;171;;141;;;77771;;69548;;;57;59525;;;110;12944;;;4;5302;57;9088;2811161;1909570;540564;1369006;2989162;2872190;2070046;802144;116972;91;90;65;25;2121763
2012;"Concerto";660139;484839;;;;;;;;;;;;;;;;;;;;;;;;;518687;50650;50650;0;41109;32627;32437;190;8482;;;;;199591
2013;"Concerto";467539;489362;;;15;;;;;4927;;;0;0;7;4242;0;0;8;685;0;0;0;0;5;514;333722;31371;31371;0;17277;14003;13165;838;3274;3;7;1;6;62381
2014;"Concerto";718367;630732;;;48;;;;;19472;;;0;0;48;19472;0;0;0;0;0;0;0;0;9;923;604509;109962;78572;31390;125379;100671;98664;2007;24708;11;12;2;10;501092
2015;"Concerto";720590;699009;;;74;;;;;23022;;;0;0;47;15449;0;0;15;4073;0;0;12;3500;12;926;563028;151223;99617;51606;151047;121796;120560;1236;29251;10;88;73;15;508261
2016;"Concerto";831010;830877;;;64;;;;;23898;;;3;1551;55;22056;0;0;6;291;0;0;0;0;8;1136;717334;109125;97734;11391;156813;126782;119639;7143;30031;11;67;59;8;661175
2017;"Concerto";769803;890640;;;42;;;;;21706;;;1;1326;39;19779;0;0;2;601;0;0;0;0;10;1686;608503;154920;118925;35995;186548;154115;147656;6459;32433;12;12;3;9;696798
2018;"Concerto";825586;821837;;;51;;;;;26918;;;;;46;25726;;;5;1192;;;;;11;1731;712733;107416;106154;1262;171269;143474;141947;1527;27795;15;15;3;12;642562
2019;"Concerto";1187728;1158073;;;70;;6;;;31041;;7688;2;1594;42;24722;;;26;4725;;;;;17;2573;1018062;147581;116010;31571;457188;386068;371062;15006;71120;40;94;80;14;678221
2020;"Concerto";1173940;1172618;;;62;;14;;;15921;;15089;;;23;11766;;;38;3372;1;783;;;8;624;1069610;98260;47833;50427;930863;827439;806886;20553;103424;95;107;85;22;218931
2021;"Concerto";1561954;1561563;;;34;;;;;9472;;;;;24;7934;;;10;1538;;;;;1;182;1485947;67272;67014;258;1157927;1029520;986091;43429;128407;95;102;84;19;370770
2022;"Concerto";1890576;1888491;;;72;;6;;;25349;;3597;;;35;17239;;;32;4200;;;5;3910;6;1002;1729203;155159;124483;30676;1371933;1254831;1223871;30960;117102;104;111;86;25;470869
2023;"Concerto";2093201;2005862;;;61;;6;;;24650;;4065;;;35;19893;;;25;4697;1;60;;;8;1222;1899955;189274;149490;39784;1448606;1342510;1284770;57740;106096;104;109;89;21;504273
2024;"Concerto";1871565;1871822;;;79;;2;;;32669;;2700;2;1999;45;27049;;;31;3243;1;378;;;16;2249;1706549;162215;146592;15623;1421412;1330932;1308427;22505;90480;108;110;90;20;370014
2025;"Concerto";2485036;2315180;;114;114;;6;;;37144;;5803;2;822;72;27339;;;36;5499;;;4;3484;13;1865;2236209;224350;186180;38170;1649120;1544176;1472035;72141;104944;107;102;84;18;579769
2009;"GYFZ";;;;;82;;;;;31200;;;7;2550;73;27250;0;0;0;0;0;0;2;1400;48;18000;;;;;;;;;;;82;72;10;
2011;"GYFZ";;;;;84;;;;;43486;;;8;4634;67;37154;0;0;7;785;2;913;0;0;57;20759;;;;;;;;;;;83;74;9;
2012;"GYFZ";;;;;101;;;;;39770;;;0;0;93;38255;0;0;6;472;2;1043;0;0;55;22811;;;;;;;;;;;85;75;10;
2013;"GYFZ";;;;;101;;;;;37785;;;0;0;84;30330;0;0;4;330;1;506;12;6619;53;22852;;;;;;;;;;;84;74;10;
2014;"GYFZ";;;;;122;;;;;45772;;;2;463;70;23036;0;0;18;5847;2;1040;30;15386;58;23409;;171325;;;446339;359518;225654;133864;86821;;88;77;11;225205
2015;"GYFZ";693267;692957;;;127;;;;;50559;;;3;1300;67;26220;0;0;35;12630;2;3788;20;6621;62;26386;462352;139788;;;420872;336191;205112;131079;84681;85;89;78;11;205594
2016;"GYFZ";;;;;110;;;;;50536;;;1;323;79;31890;0;0;13;3848;1;446;16;14029;52;29742;;170729;;;472749;380430;209558;170872;92319;;89;78;11;211824
2017;"GYFZ";918252;918102;;;110;;;;;44482;;;2;709;65;26525;0;0;30;10329;4;1673;9;5246;54;24040;510582;201812;;;563233;461998;277474;184524;101235;86;92;80;12;249424
2018;"GYFZ";1014257;1013824;;;146;;18;;;62145;;41798;3;977;94;38045;;;10;1604;12;5401;27;16118;70;31904;645162;178888;;;624932;522595;316069;206525;102337;88;93;82;11;308287
2019;"GYFZ";1136782;988697;;;111;;21;;;41831;;16159;3;892;67;25777;1;236;27;8703;2;896;11;5327;52;22593;863291;224008;;;661037;555088;344495;210592;105949;89;89;77;12;261968
2020;"GYFZ";1017014;916263;;;115;;4;;;14430;;1401;1;225;37;12481;;;76;1300;1;424;;;35;6404;765778;107806;;;659201;566469;390792;175677;92732;89;95;81;14;170100
2021;"GYFZ";1215920;1062713;;;110;;5;;;21799;;1815;2;656;34;13116;;;61;2867;7;228;6;4932;19;8299;908712;140066;;;726975;627929;448665;179264;99047;89;92;79;13;254691
2022;"GYFZ";1348997;1210203;;;94;;5;;;32596;;2848;;;60;22501;1;44;21;1877;3;544;9;7630;37;14395;938040;187963;;;852585;757759;550075;207684;94826;91;93;80;13;261048
2023;"GYFZ";1560899;1437454;;;125;;7;;;45560;;4366;;;73;34781;;;44;6004;1;454;7;4321;92;20293;1017065;300871;;;977647;892599;617433;275165;85048;91;92;79;13;278742
2024;"GYFZ";1685154;1510909;;;142;;13;;;59620;;5846;3;760;74;51029;;;65;7831;;;;;24;13731;1134236;315296;;;1070490;977557;711728;265829;92933;91;93;80;14;308677
2009;"KFZ";;;;;;;;;;;;;;;14;6897;;;;;;;;;;;;;;;;;;;;;;;;
2011;"KFZ";;;;;;;;;;;;;;;6;966;;;;;;;;;;;;;;;;;;;;;;;;
2012;"KFZ";;;;;;;;;;;;;;;8;2797;;;;;;;;;;;;;;;;;;;;;;;;
2013;"KFZ";;;;;;;;;;;;;;;21;8155;;;;;;;;;;;;;;;;;;;;;;;;
2014;"KFZ";;;;;45;;;;;17816;;;11;3537;16;6392;0;0;1;58;0;0;17;7829;22;9120;;;;;;;;;;;88;79;9;
2015;"KFZ";;;;;45;;;;;20301;;;11;4150;23;10435;0;0;0;0;0;0;11;5716;15;6329;;;;;;;;;;;88;79;9;
2016;"KFZ";;;;;64;;;;;21813;;;4;647;28;7247;0;0;0;0;0;0;32;13919;27;3904;;;;;;;;;;;88;78;10;
2017;"KFZ";;;;;65;;;;;25711;;;14;8280;50;16737;0;0;0;0;1;694;0;0;33;8157;;;;;;;;;;;84;78;6;
2018;"KFZ";;;;;78;;26;;;40846;;11971;12;5736;63;34886;;;3;224;;;;;35;5798;;;;;;;;;;;84;78;6;
2019;"KFZ";;;;;77;;13;;;28385;;10935;7;9678;63;18271;;;7;436;;;;;43;6489;;;;;;;;;;;84;78;6;
2020;"KFZ";;;;;50;;;;;16626;;;;;22;7076;;;18;1045;1;131;9;8374;2;370;;;;;;;;;;;84;78;6;
2021;"KFZ";;;;;81;;1;;;29164;;567;1;295;61;24289;;;5;386;6;463;8;3731;24;5600;;;;;;;;;;;85;78;7;
2025;"GYFZ";;;;;137;;16;;;51445;;11687;5;1564;86;35866;;;46;14015;;;;;58;22362;;;;;;;;;;;106;83;24;
2022;"KFZ";725784;725146;;;58;;2;;;21175;;488;;;31;13594;;;5;1020;;;22;6561;3;960;680382;;45393;;554907;495184;455818;39366;59723;82;87;78;9;167104
2023;"KFZ";979441;967889;;;54;;7;;;25309;;8699;2;972;30;16981;;;5;868;;;17;6488;17;5690;918655;;53974;;693736;642097;607679;34418;51639;82;87;77;10;267241
2024;"KFZ";1027153;1024152;;;52;;;;;33837;;;5;2657;38;18776;;;1;56;;;8;12348;14;2869;968137;;57534;;750388;694686;663285;31401;55702;84;86;77;9;260316
2025;"KFZ";1081770;1075821;;;57;;1;;;34352;;424;5;2994;31;16503;;;1;150;;;20;14705;14;6375;1000891;;80070;;821994;954523;919377;35146;58381;85;86;77;9;234943
2009;"MÁV";;;;;84;;;;;40890;;;7;6490;43;29570;0;0;17;1570;7;540;10;2720;28;3270;;;;;;;;;;;89;78;11;
2010;"MÁV";444524;413262;;;;;;;;;;;;;;;;;;;;;;;;;369027;;;;288571;;;;;;;;;114801
2011;"MÁV";402890;393173;;;147;;;;;49860;;;7;2912;83;40430;0;0;52;4518;2;1000;3;1000;51;2210;342857;43445;;;296418;238745;228617;10128;57673;;90;79;11;91320
2012;"MÁV";432425;424764;130;;130;;;55894;;41477;;;3;1076;87;35862;0;0;39;3539;1;1000;0;0;28;4538;333766;57149;;;323990;;;;;100;87;79;7;94782
2013;"MÁV";427077;440769;150;;150;;;46997;;46997;;;3;1649;69;32160;0;0;61;5970;3;1248;14;5970;52;6909;348815;66240;;;345311;;;;;99;87;80;6;89466
2014;"MÁV";463358;486225;161;;148;;;60891;;52640;;;3;1759;55;28285;0;0;71;8059;4;3197;15;11340;53;9746;349373;83141;;;354146;;;;;100;90;84;7;119330
2015;"MÁV";491073;491065;132;;111;;;54301;;34600;;;3;1177;39;19501;0;0;57;7225;2;1072;10;5625;47;6486;358250;89622;;;345041;;;;;97;91;83;9;139141
2016;"MÁV";503502;519726;146;;122;;;59463;;40496;;;1;900;55;26960;0;0;57;6030;0;0;9;6606;48;5523;366550;87621;;;372123;;;;;103;88;78;9;141640
2017;"MÁV";659408;649521;126;;126;;;67493;;47760;;;5;4499;54;29367;0;0;53;6693;1;100;13;7101;44;5934;543332;112498;;;465519;;;;;109;87;77;10;144398
2018;"MÁV";689423;688854;128;;112;;14;77951;;35331;;42620;6;3480;45;22498;;;57;6667;;;4;2686;45;6053;584803;85511;;;494442;;;;;;89;79;10;180388
2019;"MÁV";824775;848419;159;138;150;21;21;68909;;45875;;23034;1;805;43;20320;;;83;8175;8;1410;15;15165;54;6147;693144;97975;;;509782;;;;;;85;75;10;329006
2020;"MÁV";686415;674973;170;165;165;5;5;26670;;21858;;4812;;;28;13421;;;130;6717;5;620;2;1100;65;5119;634067;64171;;;479739;;;;;109;89;80;10;179151
2021;"MÁV";812602;808227;80;64;45;16;16;14095;12647;12647;1448;1448;;;18;8428;;;27;4219;;;;;13;918;726153;47289;;;586352;;;;;111;98;87;10;193404
2022;"MÁV";934242;939105;118;114;64;4;19;;;18511;5143;5143;3;2096;23;13307;;;38;3108;;;;;30;2071;790877;95860;;;679232;;;;;114;100;89;11;223411
2023;"MÁV";1120729;1102649;121;117;98;4;4;;;31131;3739;3699;;;27;19974;;;69;9077;;;2;2080;48;6174;859099;111354;;;732325;;;;;107;93;82;11;241619
2024;"MÁV";1240066;1235636;133;119;100;14;14;54972;33335;33335;21637;21637;;;44;25515;;;53;5651;3;2169;;;46;4808;944788;144505;;;890363;;;;;108;94;83;11;246867
2025;"MÁV";1300890;1294441;150;140;116;10;10;37816;31635;31635;6181;6181;;;49;25641;;;65;5876;2;118;;;49;5481;1002600;144216;;;900513;;;;;104;99;86;13;269854
2014;"MRZ";667877;646824;;;;;;;;;;;;;;;;;;;;;;;;;624664;;42866;;559747;452968;394129;58840;106779;101;;;;63688
2015;"MRZ";675581;748869;;;;;;;;;;;;;;;;;;;;;;;;;595644;;75128;;665016;539938;451496;88442;125078;100;;;;68645
2016;"MRZ";904452;863623;;;;;;;;;;;;;;;;;;;;;;;;;706627;;190895;;701365;567377;505477;61900;133988;104;;;;126081
2017;"MRZ";896264;895026;;;;;;;;;;;;;;;;;;;;;;;;;774789;;117545;;762722;626181;561374;64807;136541;105;;;;103782
2018;"MRZ";958399;948108;;;;;;;;;;;;;;;;;;;;;;;;;852779;;93701;;772836;642629;571077;71552;130207;106;;;;134935
2019;"MRZ";956051;952114;;;;;;;;;;;;;;;;;;;;;;;;;776808;;129052;;795131;665443;594906;70537;129687;108;;;;125974
2020;"MRZ";881716;866956;;;;;;;;;;;;;;;;;;;;;;;;;831115;;46474;;685675;611960;561137;50824;73714;100;;;;111956
2021;"MRZ";1179699;1170602;;;;;;;;;;;;;;;;;;;;;;;;;1105794;;53246;;966102;867080;762712;104368;99022;100;;;;131766
2022;"MRZ";1527432;1525394;;;;;;;;;;;;;;;;;;;;;;;;;1412630;;114428;;1180071;1065002;966629;98373;115069;107;;;;178984
2023;"MRZ";1598040;1596257;;;;;;;;;;;;;;;;;;;;;;;;;1463157;;109403;;1245647;1159530;1023224;136305;86118;104;;;;247653
2024;"MRZ";1816500;1816494;;;;;;;;;;;;;;;;;;;;;;;;;1675045;;115066;;1470237;1369784;1233433;136351;100452;105;;;;273193
2025;"MRZ";1833918;1807327;;;;;;;;;;;;;21;10018;;;;;;;;;;;1651320;;129032;;1526248;1421034;1296753;124281;105214;107;;;;219353
2009;"MSO";;;;;65;;;;;29700;;;6;2580;56;25700;0;0;3;1420;0;0;0;0;28;9900;;;;;;;;;;;108;83;25;
2011;"MSO";;;;;67;;;;;26211;;;2;600;62;24199;0;0;0;0;0;0;3;1412;24;8687;;;;;;;;;;;108;83;25;
2012;"MSO";380710;379961;;;65;;;;26000;27745;;;0;0;61;26275;0;0;1;300;0;0;3;1170;25;10735;341951;37235;;;258950;;;;;112;108;83;25;108361
2013;"MSO";395796;395552;;;;;;;26000;;;;;;;;;;;;;;;;;;366494;28919;;;312004;;;;;100;;;;75874
2014;"MSO";385040;386952;;;72;;;;26856;31095;;;2;1878;60;25642;0;0;2;142;0;0;8;3433;29;11165;354646;28423;;;303843;;238562;5089;60192;103;97;84;13;71305
2015;"MSO";404303;404180;;;93;;;;29410;35215;;;7;2620;72;28470;0;0;6;445;0;0;8;3680;39;13090;354896;46806;;;298031;;;;;;95;86;10;98925
2016;"MSO";366673;369557;;;74;;;;27213;30675;;;1;370;64;28575;0;0;6;400;0;0;3;1330;39;14815;501786;58719;;;430275;;324818;71935;33522;99;94;85;9;62034
2017;"MSO";516576;515108;;81;81;13;;;35455;35455;27520;;1;500;67;31905;0;0;6;465;0;0;7;2585;34;13370;453786;62326;;;405242;;295470;37731;72041;97;93;84;9;96191
2018;"MSO";567753;566148;;84;84;2;2;;35625;35625;2260;2260;;;70;32600;;;9;1050;;;5;1975;44;16725;501286;65346;;;430275;;324818;33522;71935;99;97;88;9;123730
2019;"MSO";568160;565600;;93;91;;2;;38341;37361;;980;1;300;72;32165;;;10;1015;;;8;3881;38;15197;506503;60563;;;432778;;355216;9197;68365;99;98;88;10;120113
2020;"MSO";489579;488010;;41;47;;;;23961;23961;;;;;32;19770;;;5;410;;;10;3781;14;5241;443812;41812;;;384228;;339055;4007;41166;99;95;85;10;88952
2021;"MSO";509087;509036;;57;42;;8;;27476;9817;;3099;;;18;4581;;;13;2240;;;11;2996;6;1043;469499;36965;;;409068;;345963;7198;55907;97;96;86;10;85636
2022;"MSO";606970;606940;;75;68;;7;;25451;22191;;3260;1;421;33;12552;;;10;725;;;24;8493;32;10633;543260;48318;;;492249;;426693;6294;59262;95;92;82;10;102193
2023;"MSO";692078;690902;;77;77;;4;;22068;22068;;1900;2;550;58;19328;;;9;786;;;8;1404;28;8329;637000;51439;;;565147;;496001;6280;62866;92;90;82;8;110248
2024;"MSO";749037;746487;;82;78;;4;;25113;23698;;1293;4;;42;14998;;;10;863;1;167;21;7670;35;11281;684708;63000;;;586893;;516337;8083;62473;93;89;81;8;150705
2025;"MSO";907128;893939;;102;102;;4;;29275;29275;;1337;1;187;68;25817;;;33;3271;;;;;52;13552;796380;89128;;;672200;;587385;12679;72136;93;89;79;10;202269
2000;"NFZ";637563;608112;;;;;;;;;;;;;;;;;;;;;;;;;;;;;;;;;;;;;;
2001;"NFZ";1000338;1029551;;;;;;;;;;;;;;;;;;;;;;;;;;;;;;;;;;;;;;
2002;"NFZ";942445;1022655;;;;;;;;;;;;;;;;;;;;;;;;;794128;;;;;;;;;;;;;
2003;"NFZ";1158020;1172364;;;;;;;;;;;;;;;;;;;;;;;;;996047;;;;;;;;;;;;;
2004;"NFZ";1098344;1141714;;;;;;;;;;;;;;;;;;;;;;;;;971441;;;;;;;;;;;;;
2005;"NFZ";1044267;1148352;;;;;;;;;;;;;;;;;;;;;;;;;950449;;;;;;;;;;;;;
2006;"NFZ";1026950;1035402;;;;;;;;;;;;;;;;;;;;;;;;;872908;;;;;;;;;;;;;
2007;"NFZ";1061890;988755;;;;;;;;;;;;;;;;;;;;;;;;;922782;;;;;;;;;;;;;
2008;"NFZ";1158689;973733;;;;;;;;;;;;;;;;;;;;;;;;;903777;;79252;;833318;679332;625036;54296;153986;116;;;;110145
2009;"NFZ";1165778;1035296;;;;;;;;;;;;;12;12871;;;;;;;;;;;916046;;77876;;912463;745075;670915;74160;167388;116;;;;93902
2010;"NFZ";966007;960717;;;;;;;;;;;;;;;;;;;;;;;;;830797;;67768;;844425;691002;639862;51139;153423;114;;;;97329
2011;"NFZ";1240285;1150475;;;;;;;;;;;;;16;13482;;;;;;;;;;;954414;;83435;;984465;808391;748661;59730;176074;115;;;;142799
2012;"NFZ";1114862;1124918;;;;;;;;;;;;;9;10593;;;;;;;;;;;1017505;;42639;;1008082;820252;745672;74580;187831;117;;;;98012
2013;"NFZ";1245220;1220325;;;;;;;;;;;;;7;8325;;;;;;;;;;;1135758;;59218;;1082840;884163;839456;44707;198677;116;;;;120879
2014;"NFZ";1150952;1185913;;;;;;;;;;;;;16;10082;;;;;;;;;;;1027718;;56689;;1034728;844770;786455;58314;189958;117;;;;112226
2015;"NFZ";1197157;1193010;;;;;;;;;;;;;10;10020;;;;;;;;;;;1119001;;73173;;1072519;874725;817770;56954;197794;115;;;;108666
2016;"NFZ";1305260;1304906;;;;;;;;;;;;;8;8615;;;;;;;;;;;1124142;;142968;;1128879;923460;862566;60893;205419;113;;;;118164
2017;"NFZ";1301156;1295621;;;;;;;;;;;;;18;15026;;;;;;;;;;;1185824;;86789;;1134374;941595;878568;63028;192779;113;;;;140844
2018;"NFZ";1407410;1388114;;;;;;;;;;;;;22;16044;;;;;;;;;;;1260406;;84667;;1173388;981266;913746;67520;192122;117;;;;193671
2019;"NFZ";1427079;1415281;;;;;;;;;;;;;27;18794;;;;;;;;;;;1305325;;92187;;1160094;977079;898212;78867;183015;118;;;;199519
2020;"NFZ";1707400;1478488;;;;;;;;;;;;;14;7450;;;;;;;;;;;1400413;;25531;;1258570;1140225;982633;157592;118345;119;;;;133628
2021;"NFZ";1545573;1544249;;;;;;;;;;;;;11;3781;;;;;;;;;;;1420051;;58420;;1325997;1196671;1059013;137659;129325;117;;;;185723
2022;"NFZ";1894823;1890930;;;;;;;;;;;;;69;22840;;;;;;;;;;;1762663;;96219;;1607232;1454448;1349598;104850;152784;117;;;;207799
2023;"NFZ";2332224;2322713;;;;;;;;;;;;;31;21864;;;;;;;;;;;2178514;;70052;;2042302;1915999;1687207;228792;126303;118;;;;236602
2024;"NFZ";2134481;2128784;;;;;;;;;;;;;27;23551;;;;;;;;;;;1976172;;136640;;1735633;1623005;1501673;121332;112628;115;;;;323226
2025;"NFZ";2382638;2369109;;;;;;;;;;;;;38;23992;;;;;;;;;;;2257488;;115786;;2048959;1907061;1584867;322193;141898;114;;;;244154
2009;"PFZ";;;;;190;;;;;86370;;;7;2303;72;25942;0;0;13;2510;4;10250;94;45365;32;9066;;;;;;;;;;;122;105;17;
2011;"PFZ";;;;;207;;;;;109750;;;5;3100;94;61690;0;0;23;2060;2;1400;83;41500;70;21900;;;;;;;;;;;119;104;15;
2012;"PFZ";;;;;163;;;;;72066;;;3;1078;45;34773;0;0;29;1749;0;0;86;34466;32;4353;;;;;;;;;;;114;98;16;
2013;"PFZ";625754;625754;;;144;;;;;69997;;;5;2475;47;36098;0;0;32;2262;0;0;60;29162;37;5438;545156;76933;;;384605;311574;289222;22352;73031;118;121;103;19;216113
2014;"PFZ";694681;694618;;;222;;;;;95959;;;3;1279;117;54964;0;0;32;6963;0;0;70;32753;71;20816;653779;108172;;;475202;383087;355834;27253;87878;117;121;101;20;260862
2015;"PFZ";727750;725219;;;177;;;;;77844;;;3;2161;70;40990;0;0;30;1791;0;0;74;32902;25;7225;605512;111589;;;448016;360138;346045;14093;92115;121;122;104;18;246264
2016;"PFZ";1069609;1051926;;;201;;;;;86037;;;4;2725;96;45097;0;0;26;2831;0;0;75;35384;50;14154;699294;190092;;;596123;493587;449589;43998;102536;124;118;99;19;187045
2017;"PFZ";1011382;996408;;;205;;;;;104026;;;7;4630;86;49856;0;0;33;3166;0;0;79;46374;32;9861;847819;162257;;;760119;651100;621405;29695;109019;124;125;104;21;208390
2018;"PFZ";1083415;1059538;;;230;;3;;;107377;;850;3;1740;80;47799;;;49;3713;;;98;54125;31;11200;871100;209175;;;612100;509514;484336;25178;102586;125;127;105;21;215608
2019;"PFZ";1075243;1072918;;;251;;3;;;101067;;1450;6;3415;73;42269;;;75;5224;8;143;89;50016;57;10687;896505;171958;;;689619;580468;560804;19664;109151;122;126;104;22;222180
2020;"PFZ";1056857;968869;;;187;;;;;50483;;;2;894;48;31832;;;116;5813;;;21;11944;17;6792;958927;92248;;;652359;558174;544000;14174;94185;120;130;106;24;204777
2021;"PFZ";1161120;1089058;;;166;;1;;;55030;;1000;4;4293;45;26661;;;92;10271;;;25;13805;13;3072;1052007;104785;;;700383;607226;582677;24549;93157;122;126;102;24;246292
2022;"PFZ";1316192;1288615;;;207;;7;;;77640;;4928;3;1668;50;30428;;;94;11544;;;60;34000;23;4861;1138570;163363;163363;0;895757;804403;774514;29889;91354;133;120;95;24;389679
2023;"PFZ";1411324;1350120;;;147;;4;;;73252;;2205;3;1686;67;42376;;;30;3340;;;47;25850;33;9074;1161700;232681;232681;0;911390;844944;774106;70838;66446;130;122;96;26;402505
2024;"PFZ";1645421;1636038;;;140;;8;;;73070;;5420;3;1255;52;36793;;;29;3369;;;56;31653;36;11639;1375909;255006;224139;30867;1075148;998583;878454;120129;76565;125;126;101;25;522726
2025;"PFZ";1472472;1680769;;158;158;;5;;;85758;;4430;3;1598;65;47556;;;29;3054;;;61;33550;67;6032;1173020;288310;262952;25358;1074934;996583;968592;27992;78351;121;123;100;24;563926
2009;"SSO";;;;;79;;;;;28450;;;3;970;50;22200;0;0;7;1260;0;0;19;4020;27;3620;;;;;;;;;;;76;66;10;
2011;"SSO";;;;;84;;;;;28600;;;8;5660;59;15545;0;0;4;820;3;620;10;5955;33;7485;;;;;;;;;;;76;66;10;
2013;"SSO";;;;;85;;;;;34770;;;2;520;46;18110;1;630;16;4490;2;570;18;10450;37;13050;;;;;;;;;;;76;66;10;
2015;"SSO";;;;;98;;;;;36110;;;3;1050;86;32130;1;900;7;1230;1;800;0;0;45;16000;;;;;;;;;;;79;71;8;
2016;"SSO";;;;;82;;;;;31575;;;3;940;67;23585;0;0;4;1150;0;0;8;5900;37;12445;;;;;;;;;;;77;70;7;
2017;"SSO";578562;528292;;;106;;;;;36857;;;1;300;98;34377;0;0;4;980;0;0;3;1200;53;17025;394413;93982;;;346778;280807;;;65971;84;77;70;7;155507
2018;"SSO";548554;535877;;;101;;6;;;33587;;1685;1;1050;81;26019;;;5;389;;;14;6129;45;15175;405838;92446;;;370881;306108;;;64773;84;85;78;7;150542
2019;"SSO";622812;575427;;;94;;16;;;31284;;8120;3;750;79;26039;;;;;2;800;10;3695;50;17318;517691;92446;;;384961;321382;;;63579;84;84;77;7;160308
2020;"SSO";579304;478336;;;115;;6;;;16073;;990;;;26;8078;;;85;4020;1;110;3;3865;8;2692;472149;48039;;;378466;322874;;;55592;84;86;78;8;86597
2021;"SSO";737118;548442;;;55;;5;;;9958;;1250;;;27;6813;;;14;693;1;200;13;2252;12;1802;570282;60870;;;433639;368255;;;65384;84;86;78;8;85571
2022;"SSO";880980;669947;;;81;;11;;;20731;;2095;3;890;78;19841;;;;;;;;;42;7663;583479;107825;;;510260;448822;;;61438;84;87;80;8;157718
2023;"SSO";913120;695267;;;83;;15;;;28803;;8275;;;82;28353;;;1;450;;;;;42;12150;562822;117885;;;518737;474650;;;44087;84;78;70;8;154661
2024;"SSO";1081897;870854;;;81;;14;;;31228;;3559;;;81;31228;;;;;;;;;40;11729;668862;130890;;;593017;540952;;;52065;84;85;77;8;205561
2009;"SzSzZ";;;;;184;;;;;81220;;;4;1150;55;28015;0;0;13;2594;7;420;105;49041;44;15795;;;;;;;;;;;112;106;6;
2011;"SzSzZ";;;;;134;;;;;60463;;;3;1835;124;53186;0;0;4;1142;0;0;3;4300;41;14558;;;;;;;;;;;104;99;6;
2012;"SzSzZ";;;;;72;;;;;58785;;;6;3080;46;25425;0;0;7;2880;0;0;13;27400;38;15925;;;;;;;;;;;105;100;6;
2013;"SzSzZ";;;;;137;;;;;66551;;;6;3550;39;18876;0;0;4;1650;0;0;88;42475;35;11949;;;;;;;;;;;106;100;6;
2025;"SSO";;;;;83;;19;;;29155;;11078;3;1100;80;28055;;;;;;;;;37;10965;;;;;;;;;;;85;77;8;
2014;"SzSzZ";;;;;188;;;;;89513;;;8;4200;66;30803;0;0;12;4250;0;0;102;50260;64;24103;;20954;;;372661;292417;237868;54549;80244;;106;100;6;83791
2015;"SzSzZ";501299;496819;;;166;;;;;89002;;;4;2550;47;26000;0;0;12;2052;0;0;103;58400;40;14302;450215;21746;;;373808;294248;252109;42139;79560;106;105;99;6;60791
2016;"SzSzZ";481527;480525;;;172;;;;;97524;;;6;4060;57;19270;0;0;8;2400;0;0;101;71794;35;11134;422627;23154;;;375738;294862;255623;39239;80846;106;105;99;6;73865
2017;"SzSzZ";599453;580850;;;201;;;;;109927;;;3;1550;29;16185;0;0;25;11060;0;0;144;81132;102;50152;535626;27846;;;488382;395093;357980;37113;93290;106;109;102;7;65284
2018;"SzSzZ";617986;603574;;;140;;2;;;93780;;800;5;2150;42;27840;;;3;550;;;90;63240;57;25910;568672;18679;;;495260;406979;368972;38007;88281;105;109;102;7;60680
2019;"SzSzZ";683340;611995;;;199;;4;;;129960;;1150;4;1600;45;29280;;;23;9950;;;127;89130;67;26230;624377;21239;;;515281;427042;395025;32016;88240;104;111;104;7;79644
2020;"SzSzZ";745319;592661;;;85;;1;;;32859;;100;;;21;11160;;;23;1699;;;41;20000;13;2840;643557;7351;;;506400;427711;408140;19572;78688;105;110;104;6;47095
2021;"SzSzZ";811039;715471;;;57;;2;;;41730;;700;5;2580;28;20900;;;1;50;;;23;18200;5;1260;612329;33599;;;622738;546523;479521;67003;76214;104;112;105;7;64739
2022;"SzSzZ";932646;781297;;;134;;3;;;46685;;1700;6;1880;61;17038;;;14;1447;;;53;26320;49;5793;796371;22504;;;714978;628069;567188;60881;86909;106;110;103;7;86667
2023;"SzSzZ";1056929;964604;;;186;;8;;;57850;;3170;3;1550;76;19580;;;41;3240;;;66;33480;78;6764;799579;48513;;;790736;711088;614905;96184;79647;104;112;105;7;115995
2024;"SzSzZ";1136677;1090427;;;152;;2;;;80530;;412;4;1879;63;25095;;;6;1100;;;79;52456;37;4999;984746;29187;;;942546;859147;803371;55776;83399;104;114;106;8;88815
2025;"SzSzZ";;;;155;155;;1;;;82853;;110;3;1350;65;17773;;;6;1800;;;81;61930;41;4593;;;;;;;;;;;112;106;6;
2009;"Danubia";;;;;;;;;;;;;2;2133;8;6986;0;0;5;406;0;0;1;929;3;240;;;;;;;;;;;;;;
2011;"Danubia";;;;;;;;;;;;;6;4600;7;4720;0;0;3;1000;2;1085;19;22994;4;1120;;;;;;;;;;;;;;
2012;"Danubia";;;;;;;;;;;;;1;617;11;30516;0;0;0;0;0;0;0;0;0;0;;;;;;;;;;;;;;
2014;"Danubia";;;;;;;;;;;;;1;788;44;13350;0;0;14;2497;0;0;0;0;33;7706;;;;;;;;;;;;;;
2015;"Danubia";;;;;;;;;;;;;0;0;2;945;0;0;4;557;0;0;83;74976;38;7690;;;;;;;;;;;;;;
2016;"Danubia";;;;;;;;;;;;;0;0;4;2522;0;0;22;684;0;0;77;40540;28;3991;;;;;;;;;;;;;;
2018;"Danubia";;;;;;;;;;;;;;;2;1496;;;23;1963;2;488;88;62084;41;7912;;;;;;;;;;;;;;
2019;"Danubia";;;;;;;;;;;;;1;792;;;;;75;4030;1;300;87;53307;37;6388;;;;;;;;;;;;;;
2020;"Danubia";;;;;;;;;;;;;;;8;2811;;;97;4367;;;48;32257;32;3874;;;;;;;;;;;;;;
2021;"Danubia";;;;;;;;;;;;;1;638;18;369;;;3;318;;;38;6396;40;3283;;;;;;;;;;;;;;
2022;"Danubia";;;;;;;;;;;;;2;1554;51;16368;;;10;965;;;12;10569;26;3053;;;;;;;;;;;;;;
2023;"Danubia";;;;;;;;;;;;;1;732;55;22287;;;39;4792;;;4;506;61;9971;;;;;;;;;;;;;;
2024;"Danubia";;;;;;;;;;;;;1;736;47;22692;;;65;10468;;;17;4301;43;7277;;;;;;;;;;;;;;
2025;"Danubia";;;;;;;;;;;;;1;792;41;25774;;;30;4062;;;20;3457;44;7812;;;;;;;;;;;;;;
2025;"MRME";;;;;;;;;;;;;12;8354;;;;;8;793;;;;;13;2063;;;;;;;;;;;;;;
